City,Cloudiness (%),Country,Date,Humidity (%),Latitude,Longitude,Max Temp (°C),Wind Speed (km-h)
Mataura,91,NZ,1588641815,85,-46.19,168.86,6.69,15.4
Ushuaia,5,AR,1588641657,56,-54.8,-68.3,7.0,40.7
Dombarovskiy,0,RU,1588641816,48,50.76,59.54,9.05,9.6
Talnakh,1,RU,1588641816,85,69.49,88.4,-11.0,36.0
Hong Kong,40,HK,1588641805,70,22.29,114.16,29.0,18.4
Tuatapere,74,NZ,1588641817,76,-46.13,167.68,7.37,22.4
Hithadhoo,100,MV,1588641665,75,-0.6,73.08,29.13,23.9
Touros,40,BR,1588641819,100,-5.2,-35.46,24.0,5.4
Jiaojiang,100,CN,1588641819,80,28.68,121.44,22.22,9.1
Torbay,75,CA,1588641820,86,47.67,-52.73,2.22,5.4
Ambon City,20,ID,1588641820,74,-3.7,128.18,30.0,5.4
Vardø,75,NO,1588641821,81,70.37,31.11,2.0,31.3
Te Anau,88,NZ,1588641745,76,-45.42,167.72,6.04,9.6
Alofi,20,NU,1588641822,74,-19.06,-169.92,29.0,9.4
Butaritari,100,KI,1588641823,82,3.07,172.79,28.37,23.5
Blackfoot,20,US,1588641823,19,43.19,-112.34,16.0,25.9
Pedasí,72,PA,1588641824,78,7.53,-80.03,28.57,21.7
Saskylakh,98,RU,1588641825,93,71.92,114.08,-14.07,21.0
Busselton,65,AU,1588641826,67,-33.65,115.33,17.22,34.7
Dikson,73,RU,1588641826,86,73.51,80.55,-13.72,8.8
Rikitea,100,PF,1588641827,73,-23.12,-134.97,23.02,24.5
Coldwater,1,US,1588641827,57,41.94,-85.0,12.22,9.4
Khatanga,9,RU,1588641828,92,71.97,102.5,-15.28,24.4
East London,0,ZA,1588641830,74,-33.02,27.91,17.41,8.5
Hobart,40,AU,1588641635,66,-42.88,147.33,14.44,16.6
Kidal,26,ML,1588641831,27,18.44,1.41,29.13,14.3
Chokurdakh,100,RU,1588641831,97,70.63,147.92,-5.49,6.1
Vestmannaeyjar,77,IS,1588641832,83,63.44,-20.27,7.62,42.4
Jamestown,75,US,1588641832,80,42.1,-79.24,5.56,29.5
Rio Grande,100,BR,1588641649,94,-32.03,-52.1,16.67,5.5
Esperance,75,AU,1588641834,82,-33.87,121.9,19.0,11.2
Vaini,40,TO,1588641834,70,-21.2,-175.2,29.0,11.2
Hilo,90,US,1588641553,54,19.73,-155.09,28.0,16.6
Barrow,90,US,1588641836,85,71.29,-156.79,-9.0,22.3
Batagay,4,RU,1588641836,88,67.63,134.63,-1.78,1.6
Makkah al Mukarramah,1,SA,1588641837,26,21.43,39.83,24.99,4.8
Jumla,99,NP,1588641837,30,29.27,82.18,10.56,5.9
Pho Chai,39,TH,1588641838,74,16.33,103.77,31.0,7.6
Gunjur,73,GM,1588641839,88,13.2,-16.73,22.0,9.4
Tiksi,100,RU,1588641839,96,71.69,128.87,-5.85,13.6
Albany,3,US,1588641840,52,42.6,-73.97,8.89,16.5
Husavik,4,IS,1588641840,45,66.04,-17.34,9.0,107.3
Bambous Virieux,20,MU,1588641841,83,-20.34,57.76,23.0,9.4
St. George's,20,GD,1588641842,78,12.06,-61.75,28.0,18.4
Cabo San Lucas,5,MX,1588641842,39,22.89,-109.91,32.0,16.6
Codrington,0,AU,1588641843,66,-38.27,141.97,15.12,19.2
Caravelas,5,BR,1588641843,78,-17.71,-39.25,22.16,8.2
Hay River,40,CA,1588641844,69,60.82,-115.8,2.0,16.6
Nikolskoye,100,RU,1588641844,93,59.7,30.79,3.0,3.6
Hermanus,0,ZA,1588641845,83,-34.42,19.23,14.96,10.3
Ponta do Sol,75,PT,1588641846,72,32.67,-17.1,18.0,14.8
Tasiilaq,0,GL,1588641846,44,65.61,-37.64,3.0,22.3
Moerai,95,PF,1588641847,80,-22.43,-151.33,25.97,20.6
Cape Town,0,ZA,1588641215,93,-33.93,18.42,14.44,3.6
Punta Arenas,0,CL,1588641848,77,-53.15,-70.92,2.0,16.6
Mar del Plata,90,AR,1588641849,82,-38.0,-57.56,15.0,11.2
Iquique,100,CL,1588641653,72,-20.22,-70.14,18.0,16.6
Mount Gambier,0,AU,1588641851,71,-37.83,140.77,14.0,24.1
Yenagoa,10,NG,1588641721,92,4.92,6.26,25.87,3.5
Taksimo,0,RU,1588641853,44,56.34,114.88,7.98,3.8
Chui,100,UY,1588641686,93,-33.7,-53.46,14.58,4.3
Talara,60,PE,1588641854,79,-4.58,-81.27,22.02,20.9
Kapaa,75,US,1588641856,69,22.08,-159.32,27.0,29.5
Ubari,0,LY,1588641857,21,26.59,12.78,21.38,10.3
Tazmalt,0,DZ,1588641857,60,36.39,4.4,21.0,9.4
Castro,0,BR,1588641858,54,-24.79,-50.01,11.55,4.0
Mahébourg,20,MU,1588641858,83,-20.41,57.7,23.0,9.4
Kiryat Gat,0,IL,1588641859,63,31.61,34.76,18.0,7.6
Puerto Ayora,75,EC,1588641860,78,-0.74,-90.35,27.0,22.3
Klaksvík,98,FO,1588641860,81,62.23,-6.59,7.0,27.7
Port Elizabeth,0,ZA,1588641861,87,-33.92,25.57,14.0,11.2
Cam Ranh,0,VN,1588641719,70,11.92,109.16,32.0,0.6
Yar-Sale,100,RU,1588641862,93,66.83,70.83,-8.43,14.8
Lompoc,1,US,1588641863,63,34.64,-120.46,19.44,27.7
Leshukonskoye,8,RU,1588641864,94,64.9,45.76,1.49,6.9
Ribeira Grande,34,PT,1588641864,78,38.52,-28.7,16.08,36.4
Ostrovnoy,100,RU,1588641865,93,68.05,39.51,1.81,20.4
Dul'durga,0,RU,1588641866,31,50.68,113.59,11.25,10.4
Kāzerūn,98,IR,1588641866,22,29.62,51.65,20.74,3.8
Thompson,75,CA,1588641868,39,55.74,-97.86,9.0,5.4
Bredasdorp,0,ZA,1588641868,87,-34.53,20.04,13.0,9.4
Nyurba,100,RU,1588641869,54,63.28,118.33,6.87,11.5
Bluff,79,NZ,1588641869,68,-46.6,168.33,7.83,31.5
Charyshskoye,99,RU,1588641870,68,51.4,83.56,3.7,10.4
Hernani,100,ES,1588641870,77,43.27,-1.98,17.0,11.2
Qaanaaq,99,GL,1588641871,93,77.48,-69.36,-8.56,4.6
Hervey Bay,8,AU,1588641872,68,-25.3,152.85,22.22,17.7
Imeni Poliny Osipenko,0,RU,1588641873,50,52.42,136.49,7.77,14.3
Melo,100,UY,1588641874,93,-32.37,-54.18,13.73,4.3
Alyangula,100,AU,1588641875,42,-13.85,136.42,30.0,18.4
Safi,12,MA,1588641875,84,32.3,-9.24,18.25,14.3
Saint-François,100,FR,1588641876,72,46.42,3.91,16.0,9.4
Paldiski,75,EE,1588641877,100,59.36,24.05,5.0,5.4
Hambantota,75,LK,1588641877,100,6.12,81.12,25.0,1.8
Palaia Fokaia,0,GR,1588641878,76,37.72,23.95,16.11,7.6
Tutóia,100,BR,1588641878,87,-2.76,-42.27,26.05,14.2
Amalner,0,IN,1588641879,59,21.05,75.07,27.02,14.0
Yarkovo,0,RU,1588641880,70,57.4,67.08,4.07,8.1
Lavrentiya,0,RU,1588641880,90,65.58,-171.0,0.41,8.1
Lorengau,96,PG,1588641881,79,-2.02,147.27,28.87,4.5
Pekalongan,3,ID,1588641881,72,-6.89,109.68,28.79,7.1
Sterling,1,US,1588641715,44,39.01,-77.43,15.0,9.4
Port Alfred,0,ZA,1588641883,90,-33.59,26.89,14.44,18.5
Fortuna,20,US,1588641883,58,40.6,-124.16,18.33,18.4
Sharjah city,0,AE,1588641741,83,25.36,55.4,27.78,7.6
Bagan,0,RU,1588641884,72,54.1,77.66,3.24,18.6
Saint-Joseph,25,RE,1588641885,78,-21.37,55.62,23.0,11.2
Atuona,1,PF,1588641885,71,-9.8,-139.03,27.84,24.8
Muros,28,ES,1588641886,78,42.78,-9.06,15.56,24.2
Saint-Philippe,44,RE,1588641887,78,-21.36,55.77,24.0,11.2
Zambezi,0,ZM,1588641887,53,-13.54,23.1,16.86,8.2
Lima,100,PE,1588641740,77,-12.04,-77.03,21.0,14.8
Carnarvon,75,AU,1588641888,88,-24.87,113.63,25.0,7.6
Hasaki,75,JP,1588641889,69,35.73,140.83,26.11,5.4
Port Pirie,0,AU,1588641890,39,-33.18,138.02,18.0,16.6
Tilichiki,100,RU,1588641890,95,60.47,166.1,-2.23,11.1
Longjiang,0,CN,1588641891,45,47.33,123.18,11.94,18.2
Tuktoyaktuk,20,CA,1588641891,78,69.45,-133.04,-8.0,25.9
Lavumisa,0,SZ,1588641892,100,-27.31,31.89,17.0,2.7
Tucuruí,32,BR,1588641700,91,-3.77,-49.67,24.45,3.9
Pangai,75,TO,1588641895,69,-19.8,-174.35,28.0,9.4
Arona,75,ES,1588641895,68,28.1,-16.68,20.56,14.8
Provideniya,0,RU,1588641896,62,64.38,-173.3,3.75,0.1
Pitimbu,20,BR,1588641897,88,-7.47,-34.81,26.0,9.4
Atar,0,MR,1588641898,13,20.52,-13.05,28.72,11.4
George Town,20,MY,1588641601,94,5.41,100.34,28.0,5.4
Clyde River,1,CA,1588641900,77,70.47,-68.59,-15.0,11.2
Gali,100,GE,1588641900,67,42.63,41.74,14.88,5.6
Cayenne,100,GF,1588641901,100,4.93,-52.33,24.0,3.6
Roebourne,0,AU,1588641902,35,-20.78,117.13,25.92,16.3
Berdigestyakh,0,RU,1588641902,61,62.1,126.7,4.3,9.0
Kyra,0,RU,1588641904,28,49.58,111.98,11.29,8.1
Valkeala,92,FI,1588641905,100,60.94,26.8,3.0,7.6
Arlit,25,NE,1588641655,11,18.74,7.39,29.87,9.2
Faya,40,SA,1588641907,87,18.39,42.45,18.0,15.1
Lengshuitan,0,CN,1588641908,63,26.41,111.6,30.14,16.7
Isangel,90,VU,1588641909,88,-19.55,169.27,27.0,5.4
Estación Coahuila,5,MX,1588641910,8,32.19,-115.0,37.0,13.0
New Norfolk,59,AU,1588641767,81,-42.78,147.06,13.33,4.9
Stillwater,1,US,1588641744,57,36.12,-97.06,26.0,20.5
Saint George,1,US,1588641912,8,37.1,-113.58,28.33,16.6
Kaitangata,89,NZ,1588641912,73,-46.28,169.85,7.22,27.4
Metro,100,ID,1588641913,85,-5.11,105.31,26.6,3.3
Ancud,2,CL,1588641914,100,-41.87,-73.82,8.89,3.6
Marabu,75,MY,1588641915,94,4.41,114.01,27.0,7.6
Wattegama,75,LK,1588641915,100,6.8,81.48,25.0,1.8
Nouadhibou,0,MR,1588641866,88,20.93,-17.03,19.0,31.3
Kahului,40,US,1588641685,48,20.89,-156.47,29.0,37.1
Maniitsoq,84,GL,1588641917,90,65.42,-52.9,-3.25,18.4
Port Hedland,0,AU,1588641918,20,-20.32,118.57,28.0,25.9
Saldanha,0,ZA,1588641919,87,-33.01,17.94,12.0,5.4
Akhmīm,0,EG,1588641919,28,26.56,31.75,21.91,11.5
Coria,98,ES,1588641920,86,39.99,-6.54,12.22,3.2
Dukat,99,RU,1588641921,86,62.55,155.55,-4.68,6.0
Grand Forks,90,US,1588641922,93,47.93,-97.03,7.0,9.4
Poronaysk,23,RU,1588641922,75,49.22,143.12,4.74,19.0
North Bend,90,US,1588641923,62,43.41,-124.22,15.56,16.6
Fort Frances,1,CA,1588641924,37,48.6,-93.4,11.0,11.2
Avarua,0,CK,1588641924,78,-21.21,-159.78,27.0,9.4
Gold Coast,75,AU,1588641925,60,-28.0,153.43,22.22,31.3
Los Llanos de Aridane,100,ES,1588641926,63,28.66,-17.92,19.0,9.4
Nanortalik,100,GL,1588641927,86,60.14,-45.24,2.05,4.3
Saint-Pierre,9,RE,1588641928,78,-21.34,55.48,23.0,11.2
Flinders,75,AU,1588641928,59,-34.58,150.86,18.89,5.4
College,75,US,1588641929,29,64.86,-147.8,15.0,13.0
Kulunda,0,RU,1588641930,64,52.57,78.94,4.84,18.1
Nova Russas,100,BR,1588641930,86,-4.71,-40.56,23.03,5.0
Henties Bay,0,NA,1588641931,61,-22.12,14.28,17.91,11.7
Cidreira,100,BR,1588641932,74,-30.18,-50.21,19.4,12.9
Arrondissement de Lannion,90,FR,1588641933,93,48.75,-3.42,14.0,16.6
Bandarbeyla,100,SO,1588641934,74,9.49,50.81,27.89,5.5
Bengkulu,91,ID,1588641935,78,-3.8,102.27,26.87,6.5
Tacuarembó,100,UY,1588641935,93,-31.73,-55.98,14.35,6.4
Saint Paul Harbor,90,US,1588641936,87,57.79,-152.41,8.0,16.6
Kieta,90,PG,1588641937,65,-6.22,155.63,29.34,7.3
Nara,40,JP,1588641938,53,34.69,135.8,23.89,11.2
Portland,90,US,1588641937,51,45.52,-122.68,16.11,20.5
São Filipe,0,CV,1588641939,72,14.9,-24.5,24.12,18.0
Neiafu,20,TO,1588641941,70,-18.65,-173.98,29.0,14.8
Airai,100,TL,1588641942,57,-8.93,125.41,20.38,6.4
Port Lincoln,70,AU,1588641942,42,-34.73,135.87,17.43,24.7
Mullovka,74,RU,1588641943,50,54.2,49.4,13.0,10.8
Egvekinot,0,RU,1588641944,87,66.32,-179.17,-1.54,5.2
Bondo,64,CD,1588641944,81,3.81,23.69,21.8,0.8
Pacific Grove,1,US,1588641866,37,36.62,-121.92,20.56,11.2
Dauphin,100,CA,1588641946,53,51.15,-100.05,9.05,11.8
Angoram,100,PG,1588641784,95,-4.06,144.07,25.29,3.1
Socorro,5,US,1588641947,7,31.65,-106.3,33.0,16.6
Beşikdüzü,75,TR,1588641948,87,41.05,39.23,15.0,14.8
Aklavik,20,CA,1588641948,44,68.22,-135.01,3.0,16.6
Arraial do Cabo,23,BR,1588641886,69,-22.97,-42.03,22.52,15.2
Lamar,1,US,1588641950,74,33.67,-95.58,26.67,9.4
Bilibino,0,RU,1588641828,86,68.05,166.44,-5.06,2.5
Kavieng,90,PG,1588641951,77,-2.57,150.8,29.29,17.1
Basco,18,PH,1588641952,86,20.45,121.97,28.37,26.9
Azare,28,NG,1588641953,61,11.68,10.19,26.07,12.6
Faanui,0,PF,1588641953,75,-16.48,-151.75,27.97,16.7
Severo-Kuril'sk,100,RU,1588641954,92,50.68,156.12,3.14,41.5
Lebanon,90,US,1588641956,46,36.21,-86.29,22.0,7.6
Viedma,100,AR,1588641957,78,-40.81,-63.0,10.76,17.0
Khani,75,GE,1588641957,77,41.96,42.96,16.0,14.8
Chilca,100,PE,1588641958,77,-12.52,-76.74,21.0,14.8
Port Blair,100,IN,1588641959,71,11.67,92.75,29.49,9.3
Aripuanã,100,BR,1588641960,83,-9.17,-60.63,24.84,1.8
Lüderitz,0,NA,1588641960,44,-26.65,15.16,19.19,23.8
Haines Junction,6,CA,1588641961,46,60.75,-137.51,8.14,8.6
Lipin Bor,41,RU,1588641963,86,60.26,37.98,5.67,8.1
Verkhnetulomskiy,75,RU,1588641964,100,68.61,31.8,1.0,10.8
Progreso,20,MX,1588641965,58,21.28,-89.67,31.0,18.4
Borovoy,90,RU,1588641966,100,55.43,86.08,2.0,21.6
Torrington,0,US,1588641967,71,41.8,-73.12,8.89,12.9
Bethel,75,US,1588641968,53,41.37,-73.41,10.0,20.5
Tura,0,IN,1588641969,65,25.52,90.22,25.13,7.0
Bolivar,90,US,1588641867,88,37.61,-93.41,17.0,24.1
Leninskoye,95,RU,1588641970,42,47.94,132.62,11.82,7.0
Portree,64,GB,1588641971,74,57.41,-6.19,4.44,1.6
Moree,0,AU,1588641972,35,-29.47,149.85,21.0,8.7
Brae,97,GB,1588641973,75,60.4,-1.35,6.0,20.5
Adrar,0,MR,1588641974,11,20.5,-10.07,31.17,15.0
Río Gallegos,0,AR,1588641974,93,-51.62,-69.22,3.0,16.6
Coquimbo,79,CL,1588641975,93,-29.95,-71.34,13.0,11.2
Tegul'det,100,RU,1588641976,90,57.31,88.17,3.04,22.5
Kavarna,18,BG,1588641976,76,43.43,28.33,14.0,14.8
Chu,100,KZ,1588641977,45,43.6,73.76,13.86,12.8
Łańcut,2,PL,1588641978,93,50.07,22.23,6.11,5.4
Buraidah,20,SA,1588641978,42,26.33,43.98,27.0,24.1
Mogadishu,100,SO,1588641979,80,2.04,45.34,28.06,17.4
Aklera,8,IN,1588641980,40,24.42,76.57,28.93,11.8
Verāval,0,IN,1588641981,85,20.9,70.37,27.04,18.1
São Félix do Xingu,86,BR,1588641982,88,-6.64,-51.99,23.11,2.7
Pozo Colorado,5,PY,1588641983,48,-23.49,-58.8,25.72,5.6
Pisco,100,PE,1588641983,82,-13.7,-76.22,19.0,20.5
Biskamzha,100,RU,1588641984,65,53.45,89.53,1.75,24.3
Westport,1,US,1588641985,50,41.14,-73.36,12.0,18.4
Capim Grosso,60,BR,1588641986,84,-11.38,-40.01,20.91,14.4
Kumul,100,CN,1588641988,21,42.8,93.45,22.1,15.8
Souillac,20,MU,1588641989,83,-20.52,57.52,23.0,9.4
Along,11,IN,1588641990,70,28.17,94.77,21.52,0.9
Tirumullaivāsal,1,IN,1588641990,77,11.23,79.83,27.9,4.3
Mayo,1,US,1588641991,39,38.89,-76.51,17.0,18.4
Sanjwal,20,PK,1588641992,93,33.76,72.43,18.89,11.2
Saint-Ambroise,100,CA,1588641992,84,48.55,-71.33,5.0,9.6
Ilulissat,96,GL,1588641993,67,69.22,-51.1,-6.0,14.8
Iqaluit,75,CA,1588641994,61,63.75,-68.51,-9.0,7.6
Kimberley,0,ZA,1588641995,87,-28.73,24.76,6.0,3.6
Saint Anthony,1,US,1588641996,41,45.02,-93.22,14.44,7.6
Rosetown,84,CA,1588641997,43,51.55,-108.0,12.22,11.3
Pochutla,85,MX,1588641998,53,15.74,-96.47,29.3,10.4
Orange,1,US,1588641967,44,33.7,-117.77,26.0,13.0
Khandyga,13,RU,1588641999,74,62.67,135.6,2.72,4.9
Tezu,4,IN,1588642000,56,27.92,96.17,25.48,1.2
Biltine,100,TD,1588642000,12,14.53,20.92,28.81,14.7
Bamora,0,IN,1588642001,38,24.06,78.09,28.3,18.0
Yellowknife,20,CA,1588641918,48,62.46,-114.35,4.0,14.8
Shushenskoye,0,RU,1588642003,45,53.33,91.94,7.0,32.4
Nóvita,100,CO,1588642003,89,4.96,-76.61,24.76,2.6
Pevek,80,RU,1588642004,95,69.7,170.31,-7.4,6.8
Pokaran,0,IN,1588642004,42,26.92,71.92,27.14,15.5
Mandera,85,KE,1588642005,64,3.94,41.87,27.06,16.6
Guangyuan,35,CN,1588641959,43,32.44,105.82,26.2,7.2
Bilma,0,NE,1588642006,13,18.69,12.92,27.18,23.8
Nakhon Thai,71,TH,1588641965,83,17.1,100.84,30.0,1.8
Esim,37,GH,1588642008,86,4.87,-2.24,27.01,8.2
Chicama,87,PE,1588642008,73,-7.84,-79.15,21.67,8.4
São João da Barra,36,BR,1588642010,74,-21.64,-41.05,21.45,6.4
Kruisfontein,0,ZA,1588642010,66,-34.0,24.73,14.18,13.2
Santa Maria,90,BR,1588642011,93,-29.68,-53.81,16.0,5.4
Chingirlau,0,KZ,1588642012,51,51.09,54.08,10.26,15.5
Minden,15,DE,1588642013,80,52.28,8.92,4.0,3.6
Katsuura,75,JP,1588642013,100,35.13,140.3,26.11,7.6
Olafsvik,88,IS,1588642014,80,64.89,-23.71,6.12,36.6
Ayagoz,0,KZ,1588642014,49,47.97,80.44,5.92,23.7
Sisophon,4,KH,1588642015,65,13.59,102.97,30.41,11.9
Chiredzi,44,ZW,1588642016,71,-21.05,31.67,17.22,8.7
Irecê,20,BR,1588641894,70,-11.3,-41.86,21.24,19.1
Guamúchil,0,MX,1588642018,15,25.47,-108.1,32.98,13.9
Praia da Vitória,20,PT,1588642019,82,38.73,-27.07,15.0,24.7
Tubmanburg,100,LR,1588642019,92,6.87,-10.82,24.49,2.7
Malindi,100,KE,1588642020,86,-3.22,40.12,26.2,20.3
Hīt,90,IQ,1588642021,30,33.64,42.83,25.29,9.9
Folsom,5,US,1588641912,8,38.68,-121.18,29.0,14.8
Mirny,100,RU,1588642022,29,62.54,113.96,10.0,10.8
Nizhniye Sergi,0,RU,1588642023,64,56.66,59.3,5.48,5.9
Filingué,62,NE,1588642024,29,14.35,3.32,31.26,13.4
Poya,100,NC,1588642024,84,-21.35,165.15,22.63,15.4
Pareora,0,NZ,1588642025,37,-44.49,171.21,12.22,19.3
Dunmore East,100,IE,1588642026,81,52.15,-6.99,11.67,1.6
Paita,54,PE,1588642027,76,-5.09,-81.11,22.02,22.7
Berlevåg,80,NO,1588642029,80,70.86,29.09,2.94,31.2
Lagoa,90,PT,1588642029,80,39.05,-27.98,15.87,40.0
Grindavik,90,IS,1588642030,87,63.84,-22.43,6.0,44.3
Esperantinópolis,60,BR,1588642031,93,-4.87,-44.71,24.33,0.9
Wagar,23,SD,1588641904,14,16.15,36.2,27.05,15.4
Kapit,93,MY,1588642032,83,2.02,112.93,27.68,2.2
Dingle,75,PH,1588642033,64,11.0,122.67,31.1,8.8
San Jerónimo,99,PE,1588642034,30,-11.95,-75.28,9.86,5.3
Alugan,98,PH,1588642034,75,12.22,125.48,29.36,15.1
Verkhoyansk,0,RU,1588642035,88,67.54,133.38,-2.4,4.3
Zvishavane,6,ZW,1588642036,59,-20.33,30.07,13.91,7.6
Susanino,100,RU,1588642037,92,58.15,41.59,11.87,8.7
Okato,100,NZ,1588642037,74,-39.2,173.88,11.11,19.3
Raja,100,SS,1588642038,69,8.46,25.68,23.0,6.4
Labuan,75,MY,1588642039,94,5.28,115.24,28.0,1.8
Mareeba,31,AU,1588642039,54,-17.0,145.43,27.0,22.3
Vysokogornyy,100,RU,1588642040,49,50.12,139.15,4.81,10.9
Pangody,93,RU,1588642041,95,65.85,74.49,-9.91,3.6
Moshupa,0,BW,1588642041,67,-24.78,25.42,15.0,1.8
Amapá,100,BR,1588642042,95,1.0,-52.0,23.43,4.1
Lata,100,PT,1588642043,87,40.16,-8.33,15.56,1.6
La Ronge,20,CA,1588642043,35,55.1,-105.28,14.0,9.4
Outlook,91,CA,1588642045,43,51.5,-107.05,12.22,11.3
Port-Cartier,90,CA,1588642046,93,50.03,-66.87,2.78,3.6
Riyadh,0,SA,1588642047,19,24.69,46.72,26.0,9.4
Kassala,78,SD,1588642047,14,15.45,36.4,26.74,10.8
Richards Bay,97,ZA,1588642048,90,-28.78,32.04,18.47,8.0
Bend,1,US,1588642049,23,44.06,-121.32,18.0,9.4
Huarmey,51,PE,1588642049,82,-10.07,-78.15,20.33,16.3
Trelew,88,AR,1588641823,64,-43.25,-65.31,10.24,26.8
Auki,23,SB,1588642051,59,-8.77,160.7,31.4,4.6
Jaciara,91,BR,1588642051,65,-15.97,-54.97,21.07,2.7
Kampot,20,KH,1588642052,74,10.62,104.18,31.0,3.6
San Antonio,1,US,1588641900,48,29.42,-98.49,33.0,27.7
Ahipara,6,NZ,1588642053,72,-35.17,173.17,16.28,28.7
Altusried,100,DE,1588642053,77,47.8,10.22,11.11,5.0
Baijiantan,100,CN,1588642054,45,45.63,85.18,17.04,23.5
Bathsheba,40,BB,1588642055,74,13.22,-59.52,27.0,31.3
Olenegorsk,100,RU,1588642055,91,68.15,33.3,1.09,12.7
Bada,96,RU,1588642056,27,51.39,109.87,12.74,7.3
Kavaratti,90,IN,1588642056,80,10.57,72.64,29.83,19.8
Santa Cruz de la Sierra,75,BO,1588642032,88,-17.8,-63.17,25.0,11.2
Oconomowoc,1,US,1588642057,56,43.11,-88.5,6.0,13.0
Lensk,97,RU,1588642058,43,60.73,114.93,10.57,6.5
Taoudenni,0,ML,1588642059,10,22.68,-3.98,32.57,5.5
Hofn,100,IS,1588642059,76,64.25,-15.21,7.12,22.5
Tautira,33,PF,1588642060,62,-17.73,-149.15,32.0,3.6
Atagay,100,RU,1588642060,57,55.1,99.39,11.17,19.0
Lebu,70,CL,1588642061,89,-37.62,-73.65,13.79,13.5
Port-Gentil,100,GA,1588642062,83,-0.72,8.78,27.24,21.7
Norman Wells,75,CA,1588642062,60,65.28,-126.83,4.0,25.9
Taunggyi,0,MM,1588642063,45,20.78,97.03,22.14,3.3
Puerto Escondido,12,MX,1588642063,66,15.85,-97.07,28.56,11.4
Palembang,40,ID,1588641940,94,-2.92,104.75,24.0,7.6
Gorontalo,71,ID,1588642064,66,0.54,123.06,30.59,5.3
Leningradskiy,0,RU,1588642065,89,69.38,178.42,-4.69,5.9
Solnechnyy,55,RU,1588642066,47,50.72,136.63,6.78,12.5
Sambava,0,MG,1588642066,73,-14.27,50.17,22.89,9.9
Bambanglipuro,50,ID,1588642067,74,-7.95,110.28,28.05,5.7
Ulaangom,0,MN,1588642068,31,49.98,92.07,9.82,24.1
Naro Moru,100,KE,1588642068,55,-0.17,37.02,14.94,17.5
Bahía de Caráquez,40,EC,1588642069,78,-0.6,-80.42,27.0,11.2
Etchoropo,0,MX,1588642069,32,26.77,-109.67,29.48,19.5
Bosaso,100,SO,1588642070,62,11.28,49.18,30.69,15.3
Ottumwa,90,US,1588642071,76,41.02,-92.41,11.11,16.6
Katobu,89,ID,1588642072,86,-4.94,122.53,26.93,11.6
Verkhnevilyuysk,63,RU,1588642073,52,63.45,120.32,7.18,8.4
Dongsheng,80,CN,1588642073,24,39.82,109.98,16.95,10.0
Vostok,99,RU,1588642074,42,46.49,135.88,7.69,12.7
Carutapera,71,BR,1588642075,92,-1.2,-46.02,25.04,6.7
Gizo Government Station,11,SB,1588642076,70,-8.1,156.84,29.49,13.5
Port Macquarie,50,AU,1588642077,67,-31.43,152.92,21.11,6.4
Barra de Tecoanapa,0,MX,1588642078,71,16.52,-98.75,27.06,11.8
Easley,40,US,1588642079,73,34.83,-82.6,24.0,13.0
Salalah,20,OM,1588642079,88,17.02,54.09,28.0,7.6
Port Saint Lucie,1,US,1588642075,69,27.29,-80.35,24.44,9.4
Bayan,0,CN,1588642081,56,46.08,127.4,11.65,12.5
Mana,100,GF,1588642081,86,5.66,-53.78,26.04,18.1
Zhigansk,98,RU,1588642082,93,66.77,123.37,0.26,17.2
Manta,40,EC,1588642083,78,-0.95,-80.73,27.0,11.2
Anadyr,40,RU,1588642084,79,64.75,177.48,-5.0,18.0
Nānākuli,1,US,1588642084,50,21.39,-158.15,29.0,16.6
Vágur,90,FO,1588642086,75,61.47,-6.81,7.59,34.8
Nago,75,JP,1588642087,88,26.59,127.98,27.0,14.8
Wawa,47,NG,1588642087,60,9.9,4.42,27.82,14.1
Roald,100,NO,1588642088,71,62.58,6.13,5.0,11.2
Skibbereen,100,IE,1588642089,71,51.55,-9.27,11.0,38.9
Tsimmerbude,100,RU,1588642090,93,54.67,20.13,6.0,10.8
Port Augusta,0,AU,1588642090,39,-32.5,137.77,18.0,16.6
Cherskiy,100,RU,1588642091,95,68.75,161.3,-1.85,5.6
Samarai,100,PG,1588642093,85,-10.62,150.67,26.77,30.1
Kununurra,97,AU,1588642093,21,-15.77,128.73,27.0,22.3
Novy Urengoy,0,RU,1588642094,93,66.08,76.63,-11.44,8.7
Oranjemund,0,NA,1588642094,76,-28.55,16.43,14.43,16.7
Otradnoye,98,RU,1588642095,93,59.78,30.82,3.0,3.6
Bucak,75,TR,1588642096,93,37.46,30.59,14.0,7.6
Constitución,100,CL,1588642096,84,-35.33,-72.42,14.48,10.5
Saint-Raymond,75,CA,1588642098,45,45.47,-73.61,8.89,22.3
Morristown,1,US,1588642098,56,36.21,-83.29,20.0,3.1
Port Moresby,75,PG,1588642099,83,-9.44,147.18,28.0,27.7
Caucaia,100,BR,1588641941,88,-3.74,-38.65,25.0,7.6
Dunedin,100,NZ,1588642100,82,-45.87,170.5,8.33,4.8
Omsukchan,99,RU,1588642101,87,62.53,155.8,-3.41,5.2
Shimoda,20,JP,1588642101,78,34.67,138.95,23.33,7.6
Nova Olinda do Norte,61,BR,1588642102,91,-3.89,-59.09,24.61,1.4
Takhtamygda,0,RU,1588642103,33,54.1,123.57,11.5,5.5
Meulaboh,100,ID,1588642103,82,4.14,96.13,25.87,7.1
Darhan,100,MN,1588642104,36,49.49,105.92,14.61,7.1
Great Falls,1,US,1588642105,16,47.5,-111.3,13.33,29.5
Eugene,90,US,1588641837,34,44.05,-123.09,19.0,7.6
Broome,40,US,1588642106,73,42.25,-75.83,6.11,11.2
Asău,94,RO,1588642107,89,46.43,26.4,8.89,5.9
Bud,100,US,1588642107,61,39.45,-86.18,16.11,12.1
Muskegon,75,US,1588642108,57,43.3,-86.13,9.44,11.2
Buena Vista,1,US,1588642108,52,43.42,-83.9,7.78,16.6
De-Kastri,100,RU,1588642109,65,51.47,140.78,5.03,15.6
Chernyshevskiy,100,RU,1588642110,61,63.01,112.47,5.9,10.6
Ixtapa,75,MX,1588642110,69,20.7,-105.2,27.0,11.2
Yulara,0,AU,1588642111,23,-25.24,130.99,18.0,24.1
Grand Gaube,2,MU,1588642111,83,-20.01,57.66,22.22,8.1
Dubbo,0,AU,1588641815,63,-32.25,148.62,17.0,16.6
Chesma,0,RU,1588642113,53,53.81,60.65,8.32,9.6
Guymon,1,US,1588642113,27,36.68,-101.48,25.0,31.3
Zhezkazgan,77,KZ,1588642114,49,47.8,67.71,7.22,22.6
Río Bueno,0,CL,1588642114,100,-40.32,-72.97,6.0,2.3
Kaspiysk,40,RU,1588642115,93,42.88,47.64,11.0,7.2
Poum,100,NC,1588642115,81,-20.23,164.02,24.6,20.7
Dzhebariki-Khaya,88,RU,1588642117,76,62.22,135.8,2.67,4.1
Upernavik,100,GL,1588642117,94,72.79,-56.15,-5.55,27.6
Ekibastuz,0,KZ,1588642118,63,51.67,75.37,4.96,20.4
Shirgaon,0,IN,1588642118,78,19.7,72.7,27.24,5.9
Tamandaré,0,BR,1588642119,80,-8.76,-35.1,25.56,10.5
Deputatsky,99,RU,1588642120,91,69.3,139.9,-8.29,4.6
Hunterville,100,NZ,1588642120,88,-39.93,175.57,12.22,9.6
Trørød,0,DK,1588642121,76,55.84,12.54,6.11,3.2
Tūkrah,0,LY,1588642121,65,32.53,20.58,16.45,20.0
Nagai,75,JP,1588642122,63,38.1,140.03,21.67,9.4
Bacolod City,100,PH,1588642122,68,10.67,122.95,30.34,5.7
Ferrol,75,ES,1588642123,77,43.48,-8.24,15.0,13.0
Qasigiannguit,93,GL,1588642124,67,68.82,-51.19,-6.0,14.8
Hope,0,US,1588642018,58,33.67,-93.59,28.89,1.6
Dali,27,CN,1588642125,39,25.7,100.18,17.33,8.5
Cradock,0,ZA,1588642125,58,-32.16,25.62,11.09,2.9
Carrickfergus,0,GB,1588642126,81,54.72,-5.81,9.0,22.3
‘Ewa Beach,20,US,1588642127,45,21.32,-158.01,29.0,24.1
Bismarck,90,US,1588642127,87,46.81,-100.78,8.0,11.2
Måløy,100,NO,1588642128,69,61.94,5.11,4.0,9.4
Majene,17,ID,1588642129,74,-3.54,118.97,28.87,12.1
Selfoss,100,IS,1588642129,89,63.93,-21.0,5.56,12.9
Rovaniemi,44,FI,1588642130,80,66.5,25.72,2.0,7.6
Nevel'sk,75,RU,1588642130,75,46.67,141.86,5.0,14.4
Loíza,40,PR,1588642131,78,18.43,-65.88,27.0,7.6
Avera,1,US,1588642132,73,33.19,-82.53,24.0,5.4
Ribnitz-Damgarten,20,DE,1588642132,80,54.25,12.47,4.0,9.4
Camacha,20,PT,1588642133,77,33.08,-16.33,18.0,11.2
Birobidzhan,92,RU,1588642133,43,48.8,132.95,10.75,12.0
Vila Franca do Campo,20,PT,1588642134,82,37.72,-25.43,16.0,33.5
Kiama,75,AU,1588642135,59,-34.68,150.87,18.89,5.4
Magdagachi,0,RU,1588642135,35,53.45,125.8,9.76,7.4
Laas,40,IT,1588642136,81,46.62,10.7,8.0,5.4
Burns Lake,100,CA,1588642136,26,54.23,-125.75,13.47,15.6
San Pedro de Macorís,40,DO,1588642138,69,18.46,-69.3,28.0,7.6
Panguna,59,PG,1588642138,55,-6.32,155.48,28.06,5.9
Lahān,0,NP,1588642139,41,26.73,86.5,28.86,8.9
Lumphat,40,KH,1588642139,61,13.49,106.98,30.86,6.5
Presidencia Roque Sáenz Peña,93,AR,1588642140,65,-26.79,-60.44,21.63,6.1
Mount Isa,0,AU,1588642141,19,-20.73,139.5,24.0,22.3
Bagn,0,NO,1588642141,71,60.82,9.55,1.11,5.9
Belyy Yar,46,RU,1588642142,45,53.6,91.39,7.0,32.4
Korla,100,CN,1588642142,27,41.76,86.15,21.47,11.4
Hamilton,1,US,1588641520,59,39.18,-84.53,16.67,9.4
Longyearbyen,75,SJ,1588641939,79,78.22,15.64,-4.0,22.3
Saurimo,0,AO,1588642146,63,-9.66,20.39,18.84,5.1
Serra Talhada,5,BR,1588642146,80,-7.99,-38.3,21.58,14.4
Batagay-Alyta,62,RU,1588642147,85,67.8,130.41,-5.26,6.1
Inuvik,20,CA,1588642148,44,68.35,-133.72,3.0,16.6
Carauari,100,BR,1588641957,96,-4.88,-66.9,23.57,3.0
Takoradze,49,GH,1588642149,86,4.88,-1.76,26.99,8.1
Lazarev,100,RU,1588642149,93,52.23,141.51,0.02,36.6
Santa Rosa,20,PH,1588642150,63,14.31,121.11,33.0,13.0
Yurty,100,RU,1588642150,58,56.05,97.63,9.49,26.1
Kontagora,100,NG,1588642151,67,10.4,5.47,26.18,10.3
Talcahuano,90,CL,1588642152,100,-36.72,-73.12,14.0,9.4
Matai,20,TZ,1588642152,93,-8.3,31.52,14.0,7.6
Mauá,75,BR,1588642135,77,-23.67,-46.46,17.0,7.6
Buala,28,SB,1588641904,65,-8.14,159.59,30.36,9.1
Tougan,0,BF,1588642154,29,13.07,-3.07,33.13,17.7
Wamba,99,NG,1588642155,71,8.93,8.6,25.64,0.1
Altagracia de Orituco,91,VE,1588642155,68,9.86,-66.38,24.7,10.5
Antofagasta,75,CL,1588642034,82,-23.65,-70.4,16.0,11.2
Vacaria,95,BR,1588642156,68,-28.51,-50.93,16.11,9.5
Lluta,100,PE,1588642157,22,-16.01,-72.01,11.55,1.6
Palmer,75,US,1588642158,53,42.16,-72.33,10.56,24.1
Vao,100,NC,1588642158,75,-22.67,167.48,22.58,32.1
Imbituba,20,BR,1588642159,77,-28.24,-48.67,20.0,18.4
Rāzole,22,IN,1588642159,82,16.48,81.83,28.82,5.3
Severnyy,54,RU,1588642160,93,50.68,36.55,12.0,10.8
San Juan de Arama,93,CO,1588642161,78,3.35,-73.89,22.44,3.9
Penzance,100,GB,1588641977,93,50.12,-5.54,11.11,63.0
Senador Pompeu,99,BR,1588642162,89,-5.59,-39.37,23.2,9.9
Matara,100,LK,1588642162,87,5.95,80.54,26.81,8.7
Emba,100,KZ,1588642163,50,48.83,58.14,9.71,15.1
Shingū,40,JP,1588642163,65,33.73,135.98,25.0,16.6
Sun Valley,1,US,1588642164,11,39.6,-119.78,22.22,16.6
Angoche,42,MZ,1588642165,74,-16.23,39.91,23.4,12.6
Windsor,20,CA,1588641935,70,42.3,-83.02,10.0,16.6
Balakhninskiy,51,RU,1588642166,60,58.01,114.28,7.21,5.6
Bundaberg,22,AU,1588642167,50,-24.85,152.35,24.0,25.9
Quatre Cocos,20,MU,1588642168,83,-20.21,57.76,23.0,9.4
Half Moon Bay,1,US,1588641892,58,37.46,-122.43,24.0,27.7
Carhuamayo,100,PE,1588642170,28,-10.92,-76.03,1.77,6.7
Aljezur,0,PT,1588642171,96,37.32,-8.8,17.22,6.4
Shenjiamen,98,CN,1588642172,87,29.96,122.3,20.1,21.9
Piaçabuçu,7,BR,1588642173,83,-10.41,-36.43,25.35,10.7
Wakkanai,75,JP,1588642173,81,45.41,141.67,6.0,31.3
Paamiut,100,GL,1588642174,96,61.99,-49.67,-0.11,20.8
Preston,0,GB,1588642100,84,53.77,-2.72,6.67,4.8
Mapimí,75,MX,1588642178,13,25.82,-103.85,36.0,5.4
Eyl,100,SO,1588642179,72,7.98,49.82,28.4,4.3
Lakes Entrance,0,AU,1588642180,69,-37.88,147.98,15.56,1.6
Beringovskiy,0,RU,1588642181,91,63.05,179.32,-1.41,14.0
Tshane,0,BW,1588642182,20,-24.02,21.87,16.61,13.4
Adiaké,20,CI,1588642182,100,5.29,-3.3,27.0,5.9
Atambua,100,ID,1588642183,59,-9.11,124.89,27.28,7.3
Mehrān,100,IR,1588642184,29,33.12,46.16,19.0,11.2
Bermejo,100,AR,1588642185,72,-32.88,-68.8,17.0,5.4
Fairbanks,75,US,1588642053,30,64.84,-147.72,15.56,9.4
Fort Nelson,90,CA,1588642187,86,58.81,-122.7,3.0,7.6
Malayal,20,PH,1588642188,84,7.21,121.94,30.0,11.2
Esterhazy,100,CA,1588642188,66,50.65,-102.08,7.03,9.7
Manosque,96,FR,1588642189,83,43.83,5.79,12.78,4.0
Asekeyevo,61,RU,1588642190,59,53.57,52.8,10.67,10.6
Sompeta,35,IN,1588642191,80,18.93,84.6,28.31,19.9
Tokmak,57,UA,1588642192,86,47.25,35.71,12.86,9.8
Dhidhdhoo,100,MV,1588642192,80,6.88,73.1,29.84,22.2
Puerto Madero,40,MX,1588642193,79,14.72,-92.42,30.0,11.2
Doha,0,QA,1588642158,60,25.29,51.53,24.44,7.2
Lindi,75,TZ,1588642195,94,-10.0,39.72,24.0,18.4
Khovd,57,MN,1588642195,22,48.01,91.64,12.84,12.8
Yungay,100,PE,1588642196,29,-9.14,-77.74,14.55,12.2
Burgeo,89,CA,1588642196,75,47.62,-57.62,3.7,14.4
Bloomington,90,US,1588642197,41,44.84,-93.3,14.44,13.0
Ranong,20,TH,1588642198,89,9.97,98.63,29.0,3.6
Zyryanka,100,RU,1588642198,96,65.75,150.85,-2.42,8.3
Jalu,0,LY,1588642199,76,29.03,21.55,17.03,18.9
Teya,100,RU,1588642199,84,60.38,92.63,3.06,15.2
Daund,0,IN,1588642201,43,18.47,74.6,26.43,11.7
San Cristobal,100,VE,1588642201,68,7.77,-72.22,19.87,4.8
Bereda,41,ES,1588642202,90,43.27,-7.54,16.67,3.2
Sitia,23,GR,1588642203,55,35.2,26.1,17.22,29.0
Shinshiro,83,JP,1588642205,65,34.9,137.5,27.22,11.3
Nuuk,2,GL,1588642206,79,64.18,-51.72,-3.0,9.4
Manokwari,100,ID,1588642188,68,-0.87,134.08,28.16,3.4
Winchester,100,GB,1588641912,75,51.07,-1.32,8.89,27.7
Sørland,100,NO,1588642208,73,67.67,12.69,3.98,37.5
San Patricio,75,MX,1588642212,83,19.22,-104.7,25.0,9.4
Vanimo,91,PG,1588642212,65,-2.67,141.3,30.65,17.2
Ystad,0,SE,1588642213,80,55.43,13.82,2.22,11.2
Pran Buri,20,TH,1588642214,59,12.38,99.91,32.0,3.6
Turan,20,VN,1588641981,79,16.07,108.22,29.0,5.4
Kismayo,93,SO,1588642216,86,-0.36,42.55,26.87,14.3
Lincoln,99,US,1588641917,87,40.8,-96.67,12.22,3.2
Sitka,40,US,1588642218,43,57.05,-135.33,13.0,14.8
Seoul,1,KR,1588642061,63,37.57,126.98,19.0,6.1
Distrikt Brokopondo,100,SR,1588642219,88,4.75,-55.17,25.45,18.2
Narsaq,100,GL,1588642220,64,60.92,-46.05,4.0,3.6
La Tijera,73,MX,1588642221,47,19.9,-104.4,18.31,4.1
Kaduqli,79,SD,1588642222,46,11.02,29.72,26.56,6.8
Amparafaravola,74,MG,1588642222,73,-17.58,48.22,17.02,8.1
Tahe,17,CN,1588642224,28,52.33,124.73,13.15,8.9
Buluang,88,PH,1588642225,52,13.31,123.34,33.97,1.3
Kulhudhuffushi,100,MV,1588642225,79,6.62,73.07,29.8,22.2
Guerrero Negro,0,MX,1588642226,78,27.98,-114.06,18.51,28.8
Simao,3,CN,1588642227,35,22.79,100.97,26.12,8.5
Vaitape,0,PF,1588642227,73,-16.52,-151.75,28.53,13.8
Goderich,50,CA,1588642228,81,43.75,-81.72,6.67,6.4
Weatherford,0,US,1588642140,53,32.76,-97.8,30.56,9.6
Ponta Delgada,20,PT,1588642230,82,37.73,-25.67,16.0,33.5
Marolambo,23,MG,1588642232,82,-20.05,48.12,18.03,3.1
Waingapu,100,ID,1588642232,71,-9.66,120.26,28.81,22.1
Margate,89,GB,1588642233,60,51.38,1.39,10.0,11.3
Havre-St-Pierre,75,CA,1588642234,74,50.23,-63.6,3.0,9.4
Ughelli,83,NG,1588642235,92,5.49,6.01,25.43,3.3
Liancheng,0,CN,1588642236,33,24.05,105.08,27.67,21.1
Trairi,100,BR,1588642236,88,-3.28,-39.27,24.7,16.2
Harper,92,LR,1588642237,82,4.38,-7.72,26.53,3.6
Ust-Maya,91,RU,1588642238,67,60.42,134.53,4.36,5.7
